Rk;Player;PTS/G;Season;Age;Team;G;GS;AS;MP;FG;FGA;2P;2PA;3P;3PA;FT;FTA;ORB;DRB;TRB;AST;STL;BLK;TOV;PF;PTS;FG%;2P%;3P%;FT%;TS%;eFG%;Pos;Player-additional
1;Kevin Durant;32;2013-14;25;OKC;81;81;1;3122;849;1688;657;1197;192;491;703;805;58;540;598;445;103;59;285;174;2593;0.503;0.549;0.391;0.873;0.635;0.56;F-G;duranke01
2;Carmelo Anthony;27.4;2013-14;29;NYK;77;77;1;2982;743;1643;576;1228;167;415;459;541;145;477;622;242;95;51;198;224;2112;0.452;0.469;0.402;0.848;0.561;0.503;F;anthoca01
3;LeBron James;27.1;2013-14;29;MIA;77;77;1;2902;767;1353;651;1047;116;306;439;585;81;452;533;488;121;26;270;126;2089;0.567;0.622;0.379;0.75;0.649;0.61;F-G;jamesle01
4;Kevin Love;26.1;2013-14;25;MIN;77;77;1;2797;650;1421;460;916;190;505;520;633;224;739;963;341;59;35;196;136;2010;0.457;0.502;0.376;0.821;0.591;0.524;F-C;loveke01
5;James Harden;25.4;2013-14;24;HOU;73;73;1;2777;549;1205;372;722;177;483;576;665;61;283;344;446;115;29;265;177;1851;0.456;0.515;0.366;0.866;0.618;0.529;G;hardeja01
6;Blake Griffin;24.1;2013-14;24;LAC;80;80;1;2863;718;1359;706;1315;12;44;482;674;192;565;757;309;92;51;224;265;1930;0.528;0.537;0.273;0.715;0.583;0.533;F-C;griffbl01
7;Stephen Curry;24;2013-14;25;GSW;78;78;1;2846;652;1383;391;768;261;615;308;348;46;288;334;666;128;14;294;194;1873;0.471;0.509;0.424;0.885;0.61;0.566;G;curryst01
8;LaMarcus Aldridge;23.2;2013-14;28;POR;69;69;1;2498;652;1423;649;1408;3;15;296;360;166;599;765;178;63;68;123;147;1603;0.458;0.461;0.2;0.822;0.507;0.459;F-C;aldrila01
9;DeMarcus Cousins;22.7;2013-14;23;SAC;71;71;0;2298;591;1191;591;1184;0;7;432;595;218;613;831;207;109;91;251;270;1614;0.496;0.499;0;0.726;0.555;0.496;C-F;couside01
10;DeMar DeRozan;22.7;2013-14;24;TOR;79;79;1;3017;604;1407;540;1197;64;210;519;630;51;292;343;313;86;28;176;197;1791;0.429;0.451;0.305;0.824;0.532;0.452;G-F;derozde01
11;Al Jefferson;21.8;2013-14;29;CHA;73;73;0;2553;700;1376;697;1361;3;15;191;277;156;636;792;155;67;79;124;176;1594;0.509;0.512;0.2;0.69;0.532;0.51;C-F;jeffeal01
12;Russell Westbrook;21.8;2013-14;25;OKC;46;46;0;1412;346;791;278;577;68;214;242;293;55;208;263;319;88;7;177;104;1002;0.437;0.482;0.318;0.826;0.545;0.48;G;westbru01
13;Paul George;21.7;2013-14;23;IND;80;80;1;2898;577;1362;395;862;182;500;401;464;64;478;542;283;151;22;224;198;1737;0.424;0.458;0.364;0.864;0.555;0.49;F-G;georgpa01
14;Dirk Nowitzki;21.7;2013-14;35;DAL;80;80;1;2628;633;1273;502;944;131;329;338;376;40;458;498;216;73;45;117;165;1735;0.497;0.532;0.398;0.899;0.603;0.549;F-C;nowitdi01
15;Kyrie Irving;20.8;2013-14;21;CLE;71;71;1;2496;532;1237;409;893;123;344;291;338;52;207;259;433;108;23;190;163;1478;0.43;0.458;0.358;0.861;0.533;0.48;G;irvinky01
16;Anthony Davis;20.8;2013-14;20;NOP;67;66;1;2358;522;1005;520;996;2;9;348;440;207;466;673;105;89;189;109;200;1394;0.519;0.522;0.222;0.791;0.582;0.52;F-C;davisan02
17;Brook Lopez;20.7;2013-14;25;BRK;17;17;0;533;129;229;129;228;0;1;94;115;39;63;102;16;9;30;28;52;352;0.563;0.566;0;0.817;0.629;0.563;C;lopezbr01
18;Damian Lillard;20.7;2013-14;23;POR;82;82;1;2937;553;1304;335;750;218;554;371;426;35;253;288;457;64;22;193;197;1695;0.424;0.447;0.394;0.871;0.568;0.508;G;lillada01
19;Isaiah Thomas;20.3;2013-14;24;SAC;72;54;0;2497;496;1096;369;732;127;364;346;407;47;163;210;454;93;8;213;185;1465;0.453;0.504;0.349;0.85;0.574;0.51;G;thomais02
20;Goran Dragić;20.3;2013-14;27;PHO;76;75;0;2668;552;1093;430;794;122;299;316;416;69;176;245;447;104;22;213;206;1542;0.505;0.542;0.408;0.76;0.604;0.561;G;dragigo01
21;Rudy Gay;20;2013-14;27;SACTOR;73;73;0;2531;537;1179;472;982;65;197;318;387;113;324;437;209;95;56;224;171;1457;0.455;0.481;0.33;0.822;0.54;0.483;F;gayru01
22;Ryan Anderson;19.8;2013-14;25;NOP;22;14;0;795;155;354;88;190;67;164;59;62;66;76;142;17;10;7;20;47;436;0.438;0.463;0.409;0.952;0.572;0.532;F;anderry01
23;John Wall;19.3;2013-14;23;WAS;82;82;1;2980;579;1337;471;1029;108;308;317;394;38;295;333;721;149;40;295;219;1583;0.433;0.458;0.351;0.805;0.524;0.473;G;walljo01
24;Chris Paul;19.1;2013-14;28;LAC;62;62;1;2171;406;870;328;658;78;212;295;345;38;230;268;663;154;4;145;157;1185;0.467;0.498;0.368;0.855;0.58;0.511;G;paulch01
25;Kevin Martin;19.1;2013-14;30;MIN;68;68;0;2177;440;1023;325;726;115;297;303;340;34;169;203;121;66;6;106;123;1298;0.43;0.448;0.387;0.891;0.553;0.486;G;martike02
26;Dwyane Wade;19;2013-14;32;MIA;54;53;1;1775;415;761;406;729;9;32;189;258;60;181;241;252;79;29;161;106;1028;0.545;0.557;0.281;0.733;0.588;0.551;G;wadedw01
27;Monta Ellis;19;2013-14;28;DAL;82;82;0;3023;576;1278;507;1069;69;209;339;430;38;257;295;471;141;23;264;197;1560;0.451;0.474;0.33;0.788;0.532;0.478;G;ellismo01
28;Jamal Crawford;18.6;2013-14;33;LAC;69;24;0;2094;421;1011;260;565;161;446;279;322;34;124;158;223;59;12;135;120;1282;0.416;0.46;0.361;0.866;0.556;0.496;G;crawfja01
29;Al Horford;18.6;2013-14;27;ATL;29;29;0;958;238;420;234;409;4;11;58;85;66;178;244;76;27;44;64;56;538;0.567;0.572;0.364;0.682;0.588;0.571;C-F;horfoal01
30;Klay Thompson;18.4;2013-14;23;GSW;81;81;0;2868;559;1259;336;724;223;535;147;185;38;211;249;181;74;37;135;234;1488;0.444;0.464;0.417;0.795;0.555;0.533;G-F;thompkl01
31;Dwight Howard;18.3;2013-14;28;HOU;71;71;1;2396;473;800;471;793;2;7;349;638;231;635;866;131;60;128;229;240;1297;0.591;0.594;0.286;0.547;0.6;0.593;C;howardw01
32;Arron Afflalo;18.2;2013-14;28;ORL;73;73;0;2552;464;1011;336;711;128;300;274;336;32;230;262;248;35;3;146;136;1330;0.459;0.473;0.427;0.815;0.574;0.522;G-F;afflaar01
33;David Lee;18.2;2013-14;30;GSW;69;67;0;2288;513;981;513;980;0;1;231;296;182;461;643;147;48;26;152;206;1257;0.523;0.523;0;0.78;0.566;0.523;F-C;leeda02
34;Paul Millsap;17.9;2013-14;28;ATL;74;73;1;2482;483;1047;407;835;76;212;286;391;154;473;627;232;129;78;185;210;1328;0.461;0.487;0.358;0.731;0.545;0.498;F;millspa01
35;Kyle Lowry;17.9;2013-14;27;TOR;79;79;0;2862;457;1080;267;580;190;500;313;385;88;281;369;586;121;15;194;267;1417;0.423;0.46;0.38;0.813;0.567;0.511;G;lowryky01
36;Thaddeus Young;17.9;2013-14;25;PHI;79;78;0;2718;582;1283;492;991;90;292;163;229;166;310;476;182;167;36;165;213;1417;0.454;0.496;0.308;0.712;0.512;0.489;F;youngth01
37;Brandon Knight;17.9;2013-14;22;MIL;72;69;0;2400;461;1092;351;754;110;338;259;323;46;209;255;352;69;17;188;146;1291;0.422;0.466;0.325;0.802;0.523;0.473;G;knighbr03
38;Nick Young;17.9;2013-14;28;LAL;64;9;0;1810;387;889;252;539;135;350;235;285;29;137;166;95;46;12;95;156;1144;0.435;0.468;0.386;0.825;0.564;0.511;G-F;youngni01
39;Eric Bledsoe;17.7;2013-14;24;PHO;43;40;0;1416;265;556;215;416;50;140;183;237;27;175;202;235;69;14;143;99;763;0.477;0.517;0.357;0.772;0.578;0.522;G;bledser01
40;Kemba Walker;17.7;2013-14;23;CHA;73;73;0;2614;449;1143;340;816;109;327;282;337;39;267;306;447;86;32;169;128;1289;0.393;0.417;0.333;0.837;0.499;0.441;G;walkeke02
41;Ty Lawson;17.6;2013-14;26;DEN;62;61;0;2222;347;806;275;604;72;202;324;406;40;175;215;543;100;10;200;113;1090;0.431;0.455;0.356;0.798;0.554;0.475;G;lawsoty01
42;Nikola Peković;17.5;2013-14;28;MIN;54;54;0;1663;379;701;379;701;0;0;186;249;206;262;468;50;30;23;84;129;944;0.541;0.541;;0.747;0.582;0.541;C;pekovni01
43;Zach Randolph;17.4;2013-14;32;MEM;79;79;0;2705;560;1198;558;1178;2;20;250;337;265;530;795;200;54;23;183;210;1372;0.467;0.474;0.1;0.742;0.51;0.468;F-C;randoza01
44;Pau Gasol;17.4;2013-14;33;LAL;60;60;0;1884;425;885;421;871;4;14;187;254;124;456;580;201;27;92;141;124;1041;0.48;0.483;0.286;0.736;0.522;0.482;C-F;gasolpa01
45;Mike Conley;17.2;2013-14;26;MEM;73;73;0;2446;463;1030;358;739;105;291;225;276;41;172;213;441;110;13;150;141;1256;0.45;0.484;0.361;0.815;0.545;0.5;G;conlemi01
46;Bradley Beal;17.1;2013-14;20;WAS;73;73;0;2530;481;1149;343;806;138;343;149;189;54;219;273;243;71;18;128;153;1249;0.419;0.426;0.402;0.788;0.507;0.479;G;bealbr01
47;Jeff Green;16.9;2013-14;27;BOS;82;82;0;2805;482;1171;347;775;135;396;283;356;54;326;380;138;57;47;165;180;1382;0.412;0.448;0.341;0.795;0.52;0.469;F;greenje02
48;Tony Parker;16.7;2013-14;31;SAS;68;68;1;1997;456;914;431;847;25;67;197;243;17;138;155;388;36;9;151;86;1134;0.499;0.509;0.373;0.811;0.555;0.513;G;parketo01
49;Michael Carter-Williams;16.7;2013-14;22;PHI;70;70;0;2414;427;1054;372;846;55;208;258;367;101;336;437;441;130;43;247;213;1167;0.405;0.44;0.264;0.703;0.48;0.431;G;cartemi01
50;Chandler Parsons;16.6;2013-14;25;HOU;74;74;0;2783;466;987;336;636;130;351;164;221;69;340;409;298;88;29;144;168;1226;0.472;0.528;0.37;0.742;0.565;0.538;F;parsoch01
51;Jeff Teague;16.5;2013-14;25;ATL;79;79;0;2542;456;1040;382;815;74;225;318;376;34;174;208;528;89;17;232;158;1304;0.438;0.469;0.329;0.846;0.541;0.474;G;teaguje01
52;Josh Smith;16.4;2013-14;28;DET;77;76;0;2730;517;1233;447;968;70;265;160;301;102;418;520;252;105;110;199;197;1264;0.419;0.462;0.264;0.532;0.463;0.448;F;smithjo03
53;Wesley Matthews;16.4;2013-14;27;POR;82;82;0;2780;445;1009;244;498;201;511;252;301;51;238;289;197;76;14;110;176;1343;0.441;0.49;0.393;0.837;0.588;0.541;G;matthwe02
54;Chris Bosh;16.2;2013-14;29;MIA;79;79;1;2531;492;953;418;735;74;218;223;272;98;424;522;87;80;78;125;192;1281;0.516;0.569;0.339;0.82;0.597;0.555;F-C;boshch01
55;Gordon Hayward;16.2;2013-14;23;UTA;77;77;0;2800;426;1032;341;752;85;280;311;381;62;329;391;400;110;40;212;155;1248;0.413;0.453;0.304;0.816;0.52;0.454;F-G;haywago01
56;Luol Deng;16;2013-14;28;CHICLE;63;63;0;2213;371;860;314;671;57;189;212;268;99;262;361;183;62;9;114;111;1011;0.431;0.468;0.302;0.791;0.517;0.465;F;denglu01
57;Derrick Rose;15.9;2013-14;25;CHI;10;10;0;311;58;164;42;117;16;47;27;32;9;23;32;43;5;1;34;15;159;0.354;0.359;0.34;0.844;0.446;0.402;G;rosede01
58;Dion Waiters;15.9;2013-14;22;CLE;70;24;0;2072;430;993;338;743;92;250;161;235;32;163;195;209;63;17;154;153;1113;0.433;0.455;0.368;0.685;0.508;0.479;G;waitedi01
59;Gerald Green;15.8;2013-14;28;PHO;82;48;0;2330;448;1006;244;496;204;510;195;230;48;227;275;122;70;42;145;220;1295;0.445;0.492;0.4;0.848;0.585;0.547;G-F;greenge01
60;Joe Johnson;15.8;2013-14;32;BRK;79;79;1;2575;462;1018;300;614;162;404;159;195;48;222;270;216;47;10;120;129;1245;0.454;0.489;0.401;0.815;0.564;0.533;G-F;johnsjo02
61;Jodie Meeks;15.7;2013-14;26;LAL;77;70;0;2556;413;892;251;488;162;404;221;258;30;164;194;138;111;4;111;119;1209;0.463;0.514;0.401;0.857;0.601;0.554;G;meeksjo01
62;Brandon Jennings;15.5;2013-14;24;DET;80;79;0;2728;423;1135;269;678;154;457;241;321;59;185;244;609;101;8;215;157;1241;0.373;0.397;0.337;0.751;0.486;0.441;G;jennibr01
63;Eric Gordon;15.4;2013-14;25;NOP;64;64;0;2057;356;817;255;559;101;258;175;223;30;135;165;208;74;12;134;114;988;0.436;0.456;0.391;0.785;0.54;0.498;G-F;gordoer01
64;Greg Monroe;15.2;2013-14;23;DET;82;82;0;2690;504;1015;504;1014;0;1;241;367;256;504;760;171;91;47;166;205;1249;0.497;0.497;0;0.657;0.531;0.497;C-F;monrogr01
65;JJ Redick;15.2;2013-14;29;LAC;35;34;0;987;181;398;108;213;73;185;97;106;9;65;74;78;28;3;42;65;532;0.455;0.507;0.395;0.915;0.598;0.546;G;redicjj01
66;Serge Ibaka;15.1;2013-14;24;OKC;81;81;0;2666;524;978;501;918;23;60;156;199;224;485;709;85;39;219;123;233;1227;0.536;0.546;0.383;0.784;0.576;0.548;F-C;ibakase01
67;Tim Duncan;15.1;2013-14;37;SAS;74;74;0;2158;444;906;444;901;0;5;231;316;158;563;721;220;43;139;159;134;1119;0.49;0.493;0;0.731;0.535;0.49;F-C;duncati01
68;Avery Bradley;14.9;2013-14;23;BOS;60;58;0;1855;361;825;282;625;79;200;90;112;48;178;226;85;63;11;96;145;891;0.438;0.451;0.395;0.804;0.51;0.485;G;bradlav01
69;Tobias Harris;14.6;2013-14;21;ORL;61;36;0;1850;332;716;300;590;32;126;197;244;88;336;424;82;41;24;78;143;893;0.464;0.508;0.254;0.807;0.542;0.486;F;harrito02
70;Marc Gasol;14.6;2013-14;29;MEM;59;59;0;1970;336;711;334;700;2;11;185;241;84;340;424;215;59;76;111;150;859;0.473;0.477;0.182;0.768;0.526;0.474;C;gasolma01
71;J.R. Smith;14.5;2013-14;28;NYK;74;37;0;2421;396;955;207;475;189;480;90;138;35;261;296;219;65;20;108;196;1071;0.415;0.436;0.394;0.652;0.527;0.514;G-F;smithjr01
72;Tyreke Evans;14.5;2013-14;24;NOP;72;22;0;2028;391;897;370;802;21;95;239;310;76;265;341;363;84;21;175;155;1042;0.436;0.461;0.221;0.771;0.504;0.448;G-F;evansty01
73;Trevor Ariza;14.4;2013-14;28;WAS;77;77;0;2723;389;853;209;411;180;442;149;193;99;376;475;191;126;20;132;179;1107;0.456;0.509;0.407;0.772;0.59;0.562;F;arizatr01
74;Jrue Holiday;14.3;2013-14;23;NOP;34;34;0;1143;203;454;173;377;30;77;51;63;28;114;142;268;56;12;105;92;487;0.447;0.459;0.39;0.81;0.505;0.48;G;holidjr01
75;Deron Williams;14.3;2013-14;29;BRK;64;58;0;2059;322;716;224;448;98;268;173;216;15;153;168;392;93;13;143;148;915;0.45;0.5;0.366;0.801;0.564;0.518;G;willide01
76;Nikola Vučević;14.2;2013-14;23;ORL;57;57;0;1812;353;696;353;696;0;0;105;137;185;441;626;104;60;47;112;169;811;0.507;0.507;;0.766;0.536;0.507;C;vucevni01
77;Nenê;14.2;2013-14;31;WAS;53;37;0;1560;299;594;298;589;1;5;155;266;65;229;294;153;64;47;117;164;754;0.503;0.506;0.2;0.583;0.53;0.504;F-C;hilarne01
78;Gerald Henderson;14;2013-14;26;CHA;77;77;0;2461;403;930;363;815;40;115;235;309;31;279;310;199;51;32;113;159;1081;0.433;0.445;0.348;0.761;0.507;0.455;G;hendege02
79;David West;14;2013-14;33;IND;80;80;0;2472;458;939;454;924;4;15;198;251;120;422;542;223;61;74;133;186;1118;0.488;0.491;0.267;0.789;0.533;0.49;F-C;westda01
80;Evan Turner;14;2013-14;25;INDPHI;81;56;0;2457;434;1021;384;865;50;156;213;262;62;346;408;262;67;7;189;195;1131;0.425;0.444;0.321;0.813;0.498;0.45;G;turneev01
81;Alec Burks;14;2013-14;22;UTA;78;12;0;2193;380;831;330;688;50;143;279;373;59;198;257;212;69;14;149;190;1089;0.457;0.48;0.35;0.748;0.547;0.487;G;burksal01
82;Rodney Stuckey;13.9;2013-14;27;DET;73;5;0;1950;372;853;348;765;24;88;244;292;39;130;169;152;54;10;125;131;1012;0.436;0.455;0.273;0.836;0.516;0.45;G;stuckro01
83;Lance Stephenson;13.8;2013-14;23;IND;78;78;0;2752;427;870;341;626;86;244;140;197;95;463;558;359;54;7;210;195;1080;0.491;0.545;0.352;0.711;0.564;0.54;G-F;stephla01
84;Kobe Bryant;13.8;2013-14;35;LAL;6;6;1;177;31;73;28;57;3;16;18;21;2;24;26;38;7;1;34;9;83;0.425;0.491;0.188;0.857;0.505;0.445;G-F;bryanko01
85;Victor Oladipo;13.8;2013-14;21;ORL;80;44;0;2487;392;936;318;710;74;226;248;318;43;286;329;327;129;37;256;210;1106;0.419;0.448;0.327;0.78;0.514;0.458;G;oladivi01
86;Markieff Morris;13.8;2013-14;24;PHO;81;0;0;2153;411;845;377;737;34;108;259;327;139;346;485;144;68;51;147;232;1115;0.486;0.512;0.315;0.792;0.564;0.507;F;morrima02
87;Carlos Boozer;13.7;2013-14;32;CHI;76;76;0;2141;447;980;447;978;0;2;148;193;137;495;632;118;53;22;154;216;1042;0.456;0.457;0;0.767;0.489;0.456;F-C;boozeca01
88;Kenneth Faried;13.7;2013-14;24;DEN;80;77;0;2178;447;820;447;817;0;3;202;311;238;446;684;96;70;69;135;193;1096;0.545;0.547;0;0.65;0.573;0.545;F-C;farieke01
89;Wilson Chandler;13.6;2013-14;26;DEN;62;55;0;1927;307;738;185;387;122;351;110;152;58;236;294;114;46;31;79;193;846;0.416;0.478;0.348;0.724;0.526;0.499;F;chandwi01
90;Andre Drummond;13.5;2013-14;20;DET;81;81;0;2619;479;769;479;767;0;2;137;328;440;631;1071;35;101;131;110;273;1095;0.623;0.625;0;0.418;0.599;0.623;C;drumman01
91;Paul Pierce;13.5;2013-14;36;BRK;75;68;0;2098;321;712;209;412;112;300;256;310;26;322;348;178;86;31;153;190;1010;0.451;0.507;0.373;0.826;0.595;0.529;F-G;piercpa01
92;Derrick Favors;13.3;2013-14;22;UTA;73;73;0;2201;390;747;390;746;0;1;190;284;199;438;637;91;75;108;129;236;970;0.522;0.523;0;0.669;0.556;0.522;F-C;favorde01
93;Andrea Bargnani;13.3;2013-14;28;NYK;42;39;0;1257;222;502;192;394;30;108;84;102;69;153;222;45;14;52;58;100;558;0.442;0.487;0.278;0.824;0.51;0.472;F-C;bargnan01
94;Jared Sullinger;13.3;2013-14;21;BOS;74;44;0;2041;384;899;328;691;56;208;158;203;241;360;601;118;35;49;119;251;982;0.427;0.475;0.269;0.778;0.497;0.458;F;sullija01
95;Randy Foye;13.2;2013-14;30;DEN;81;78;0;2485;361;875;172;377;189;498;157;185;36;196;232;287;67;39;145;205;1068;0.413;0.456;0.38;0.849;0.558;0.521;G;foyera01
96;Marcin Gortat;13.2;2013-14;29;WAS;81;80;0;2655;455;840;454;839;1;1;157;229;202;565;767;138;41;121;126;201;1068;0.542;0.541;1;0.686;0.568;0.542;C-F;gortama01
97;Spencer Hawes;13.2;2013-14;25;CLEPHI;80;78;0;2470;403;883;275;575;128;308;119;152;131;529;660;240;44;94;173;237;1053;0.456;0.478;0.416;0.783;0.554;0.529;C-F;hawessp01
98;Jimmy Butler;13.1;2013-14;24;CHI;67;67;0;2591;275;693;207;453;68;240;260;338;87;243;330;175;127;36;102;106;878;0.397;0.457;0.283;0.769;0.522;0.446;F-G;butleji01
99;D.J. Augustin;13.1;2013-14;26;CHITOR;71;9;0;1939;298;718;165;386;133;332;201;227;15;115;130;313;53;3;125;147;930;0.415;0.427;0.401;0.885;0.569;0.508;G;augusdj01
100;Reggie Jackson;13.1;2013-14;23;OKC;80;36;0;2277;403;916;320;671;83;245;158;177;43;270;313;331;85;9;168;142;1047;0.44;0.477;0.339;0.893;0.527;0.485;G;jacksre01
101;Nicolas Batum;13;2013-14;25;POR;82;82;0;2956;381;819;236;417;145;402;163;203;116;495;611;420;75;57;208;156;1070;0.465;0.566;0.361;0.803;0.589;0.554;F-G;batumni01
102;Tony Wroten;13;2013-14;20;PHI;72;16;0;1765;345;808;305;620;40;188;209;326;69;159;228;217;78;16;204;151;939;0.427;0.492;0.213;0.641;0.493;0.452;G;wroteto01
103;Taj Gibson;13;2013-14;28;CHI;82;8;0;2351;429;896;429;889;0;7;211;281;200;358;558;91;41;112;150;207;1069;0.479;0.483;0;0.751;0.524;0.479;F-C;gibsota01
104;Kawhi Leonard;12.8;2013-14;22;SAS;66;65;0;1923;337;645;268;463;69;182;101;126;76;336;412;133;114;50;80;127;844;0.522;0.579;0.379;0.802;0.602;0.576;F;leonaka01
105;Trey Burke;12.8;2013-14;21;UTA;70;68;0;2262;341;897;230;561;111;336;102;113;37;171;208;396;42;6;131;145;895;0.38;0.41;0.33;0.903;0.473;0.442;G;burketr01
106;Joakim Noah;12.6;2013-14;28;CHI;80;80;1;2820;380;800;380;798;0;2;247;335;282;618;900;431;99;121;194;245;1007;0.475;0.476;0;0.737;0.531;0.475;C;noahjo01
107;Jeremy Lin;12.5;2013-14;25;HOU;71;33;0;2054;295;662;213;433;82;229;218;265;34;153;187;294;68;27;176;166;890;0.446;0.492;0.358;0.823;0.572;0.508;G;linje01
108;Enes Freedom;12.3;2013-14;21;UTA;80;37;0;2138;419;853;419;852;0;1;149;204;222;376;598;75;28;42;144;230;987;0.491;0.492;0;0.73;0.523;0.491;C;kanteen01
109;Manu Ginóbili;12.3;2013-14;36;SAS;68;3;0;1550;294;627;204;369;90;258;160;188;30;172;202;293;70;17;139;128;838;0.469;0.553;0.349;0.851;0.59;0.541;G;ginobma01
110;Corey Brewer;12.3;2013-14;27;MIN;81;81;0;2609;388;807;329;596;59;211;163;227;63;144;207;135;151;30;105;210;998;0.481;0.552;0.28;0.718;0.55;0.517;F-G;breweco01
111;Ramon Sessions;12.3;2013-14;27;CHAMIL;83;19;0;2214;330;769;295;645;35;124;326;404;38;165;203;340;49;9;148;90;1021;0.429;0.457;0.282;0.807;0.539;0.452;G;sessira01
112;Terrence Jones;12.1;2013-14;22;HOU;76;71;0;2078;386;712;355;611;31;101;118;195;162;366;528;87;53;99;71;139;921;0.542;0.581;0.307;0.605;0.577;0.564;F;joneste01
113;Khris Middleton;12.1;2013-14;22;MIL;82;64;0;2460;376;854;256;564;120;290;118;137;60;250;310;169;83;20;123;243;990;0.44;0.454;0.414;0.861;0.541;0.511;F-G;middlkh01
114;Jameer Nelson;12.1;2013-14;31;ORL;68;68;0;2179;294;747;158;356;136;391;96;112;29;202;231;476;52;5;166;146;820;0.394;0.444;0.348;0.857;0.515;0.485;G;nelsoja01
115;Kyle Korver;12;2013-14;32;ATL;71;71;0;2408;289;609;104;217;185;392;87;94;22;260;282;208;70;24;102;147;850;0.475;0.479;0.472;0.926;0.653;0.626;G-F;korveky01
116;Vince Carter;11.9;2013-14;37;DAL;81;0;0;1973;330;811;184;440;146;371;161;196;67;217;284;212;61;35;108;209;967;0.407;0.418;0.394;0.821;0.539;0.497;G-F;cartevi01
117;Amar'e Stoudemire;11.9;2013-14;31;NYK;65;21;0;1466;311;558;311;558;0;0;150;203;112;208;320;34;23;37;91;159;772;0.557;0.557;;0.739;0.596;0.557;F-C;stoudam01
118;J.J. Hickson;11.8;2013-14;25;DEN;69;52;0;1859;332;654;332;646;0;8;150;290;206;426;632;96;47;51;128;177;814;0.508;0.514;0;0.517;0.521;0.508;F-C;hicksjj01
119;Tristan Thompson;11.7;2013-14;22;CLE;82;82;0;2594;363;761;363;760;0;1;235;339;269;485;754;72;42;35;108;188;961;0.477;0.478;0;0.693;0.528;0.477;F-C;thomptr01
120;O.J. Mayo;11.7;2013-14;26;MIL;52;23;0;1346;224;550;140;323;84;227;76;88;24;100;124;113;28;13;95;111;608;0.407;0.433;0.37;0.864;0.516;0.484;G;mayooj01
121;Rajon Rondo;11.7;2013-14;27;BOS;30;30;0;998;141;350;115;260;26;90;42;67;22;142;164;294;40;2;99;65;350;0.403;0.442;0.289;0.627;0.461;0.44;G;rondora01
122;José Calderón;11.4;2013-14;32;DAL;81;81;0;2468;341;748;150;323;191;425;52;63;29;163;192;377;69;11;103;136;925;0.456;0.464;0.449;0.825;0.596;0.584;G;caldejo01
123;Marco Belinelli;11.4;2013-14;27;SAS;80;25;0;2016;337;695;211;402;126;293;111;131;18;208;226;179;50;7;95;130;911;0.485;0.525;0.43;0.847;0.605;0.576;G-F;belinma01
124;Darren Collison;11.4;2013-14;26;LAC;80;35;0;2069;324;694;253;505;71;189;192;224;47;141;188;297;93;15;132;150;911;0.467;0.501;0.376;0.857;0.575;0.518;G;collida01
125;Mike Dunleavy;11.3;2013-14;33;CHI;82;61;0;2584;333;774;210;450;123;324;140;164;46;299;345;186;64;46;108;163;929;0.43;0.467;0.38;0.854;0.549;0.51;F-G;dunlemi02
126;Jonas Valančiūnas;11.3;2013-14;21;TOR;81;81;0;2282;359;676;359;675;0;1;198;260;226;488;714;57;24;71;136;249;916;0.531;0.532;0;0.762;0.579;0.531;C;valanjo01
127;Andray Blatche;11.2;2013-14;27;BRK;73;7;0;1618;321;674;306;620;15;54;164;221;120;270;390;112;75;38;110;166;821;0.476;0.494;0.278;0.742;0.532;0.487;F;blatcan01
128;Ersan İlyasova;11.2;2013-14;26;MIL;55;47;0;1478;237;579;200;448;37;131;107;130;107;235;342;72;46;8;61;135;618;0.409;0.446;0.282;0.823;0.486;0.441;F;ilyaser01
129;John Henson;11.1;2013-14;23;MIL;70;23;0;1856;344;639;344;638;0;1;91;177;171;326;497;113;41;116;114;185;779;0.538;0.539;0;0.514;0.543;0.538;C-F;hensojo01
130;Brandon Bass;11.1;2013-14;28;BOS;82;73;0;2266;352;725;350;719;2;6;205;239;161;309;470;87;36;71;102;190;911;0.486;0.487;0.333;0.858;0.549;0.487;F;bassbr01
131;Channing Frye;11.1;2013-14;30;PHO;82;82;0;2312;336;778;176;346;160;432;78;95;73;343;416;98;60;63;89;245;910;0.432;0.509;0.37;0.821;0.555;0.535;C-F;fryech01
132;DeMarre Carroll;11.1;2013-14;27;ATL;73;73;0;2341;302;642;205;374;97;268;109;141;107;296;403;134;108;21;79;188;810;0.47;0.548;0.362;0.773;0.575;0.546;F;carrode01
133;Robin Lopez;11.1;2013-14;25;POR;82;82;0;2603;355;644;355;643;0;1;198;242;326;374;700;73;25;139;84;196;908;0.551;0.552;0;0.818;0.605;0.551;C;lopezro01
134;Jordan Crawford;11;2013-14;25;BOSGSW;81;35;0;1859;327;788;237;503;90;285;146;169;28;155;183;281;47;5;134;120;890;0.415;0.471;0.316;0.864;0.516;0.472;G;crawfjo02
135;Terrence Ross;10.9;2013-14;22;TOR;81;62;0;2159;318;751;157;343;161;408;82;98;43;209;252;79;64;27;88;183;879;0.423;0.458;0.395;0.837;0.553;0.531;F-G;rosste01
136;Roy Hibbert;10.8;2013-14;27;IND;81;81;1;2409;331;754;329;749;2;5;207;269;202;336;538;91;29;182;148;269;871;0.439;0.439;0.4;0.77;0.499;0.44;C;hibbero01
137;Gary Neal;10.5;2013-14;29;CHAMIL;52;3;0;1114;193;471;125;291;68;180;94;105;10;80;90;83;18;0;64;65;548;0.41;0.43;0.378;0.895;0.53;0.482;G;nealga01
138;Caron Butler;10.5;2013-14;33;MILOKC;56;13;0;1419;213;540;115;291;98;249;63;75;21;208;229;82;47;17;60;120;587;0.394;0.395;0.394;0.84;0.512;0.485;F;butleca01
139;DeAndre Jordan;10.4;2013-14;25;LAC;82;82;0;2870;348;515;348;515;0;0;160;374;331;783;1114;74;80;203;123;264;856;0.676;0.676;;0.428;0.63;0.676;C;jordade01
140;Lou Williams;10.4;2013-14;27;ATL;60;7;0;1445;197;493;118;262;79;231;152;179;10;114;124;210;45;4;92;65;625;0.4;0.45;0.342;0.849;0.547;0.48;G;willilo02
141;Shawn Marion;10.4;2013-14;35;DAL;76;76;0;2409;341;708;283;546;58;162;51;65;132;365;497;124;90;37;95;125;791;0.482;0.518;0.358;0.785;0.537;0.523;F;mariosh01
142;Nate Robinson;10.4;2013-14;29;DEN;44;1;0;866;164;383;106;229;58;154;71;85;21;60;81;112;36;4;58;92;457;0.428;0.463;0.377;0.835;0.544;0.504;G;robinna01
143;Amir Johnson;10.4;2013-14;26;TOR;77;72;0;2214;344;612;324;546;20;66;91;143;172;333;505;115;56;88;123;271;799;0.562;0.593;0.303;0.636;0.592;0.578;F-C;johnsam01
144;Chris Kaman;10.4;2013-14;31;LAL;39;13;0;736;176;346;176;343;0;3;52;68;54;175;229;58;11;40;74;93;404;0.509;0.513;0;0.765;0.537;0.509;C;kamanch01
145;George Hill;10.3;2013-14;27;IND;76;76;0;2434;272;616;177;356;95;260;142;176;53;230;283;265;75;23;92;158;781;0.442;0.497;0.365;0.807;0.563;0.519;G;hillge01
146;Patrick Beverley;10.2;2013-14;25;HOU;56;55;0;1751;199;481;107;226;92;255;83;102;72;124;196;151;77;23;66;174;573;0.414;0.473;0.361;0.814;0.545;0.509;G;beverpa01
147;Patty Mills;10.2;2013-14;25;SAS;81;2;0;1527;309;666;174;348;135;318;73;82;34;135;169;149;68;9;63;114;826;0.464;0.5;0.425;0.89;0.588;0.565;G;millspa02
148;Tim Hardaway Jr.;10.2;2013-14;21;NYK;81;1;0;1875;294;687;164;329;130;358;106;128;19;102;121;66;44;7;47;144;824;0.428;0.498;0.363;0.828;0.554;0.523;G;hardati02
149;Jordan Farmar;10.1;2013-14;27;LAL;41;5;0;912;151;364;81;204;70;160;44;59;20;84;104;199;38;8;95;65;416;0.415;0.397;0.438;0.746;0.533;0.511;G;farmajo01
150;Richard Jefferson;10.1;2013-14;33;UTA;82;78;0;2213;294;654;171;353;123;301;120;162;18;201;219;130;56;14;94;168;831;0.45;0.484;0.409;0.741;0.573;0.544;F;jefferi01
151;James Anderson;10.1;2013-14;24;PHI;80;62;0;2309;309;717;194;366;115;351;77;106;59;241;300;149;74;28;106;154;810;0.431;0.53;0.328;0.726;0.53;0.511;G-F;anderja01
152;Xavier Henry;10;2013-14;22;LAL;43;5;0;908;144;345;116;264;28;81;116;177;25;89;114;51;44;7;57;79;432;0.417;0.439;0.346;0.655;0.511;0.458;G;henryxa01
153;Matt Barnes;9.9;2013-14;33;LAC;63;40;0;1735;231;527;134;244;97;283;66;90;60;232;292;125;56;28;85;185;625;0.438;0.549;0.343;0.733;0.552;0.53;F;barnema02
154;C.J. Miles;9.9;2013-14;26;CLE;51;34;0;984;178;409;95;198;83;211;64;75;18;85;103;52;46;15;44;103;503;0.435;0.48;0.393;0.853;0.569;0.537;G-F;milescj01
155;Mario Chalmers;9.8;2013-14;27;MIA;73;73;0;2178;254;560;167;334;87;226;121;163;41;173;214;357;119;16;162;210;716;0.454;0.5;0.385;0.742;0.567;0.531;G;chalmma01
156;Marcus Thornton;9.8;2013-14;26;BRKSAC;72;27;0;1741;252;639;143;323;109;316;90;112;57;141;198;77;58;11;67;110;703;0.394;0.443;0.345;0.804;0.511;0.48;G;thornma01
157;Mo Williams;9.7;2013-14;31;POR;74;0;0;1834;280;672;197;447;83;225;78;89;42;111;153;321;55;10;149;197;721;0.417;0.441;0.369;0.876;0.507;0.478;G;willima01
158;Martell Webster;9.7;2013-14;27;WAS;78;13;0;2157;254;587;108;215;146;372;105;125;38;184;222;97;41;15;58;150;759;0.433;0.502;0.392;0.84;0.591;0.557;G-F;webstma02
159;Jason Smith;9.7;2013-14;27;NOP;31;27;0;830;131;282;131;282;0;0;39;50;51;130;181;29;11;29;28;100;301;0.465;0.465;;0.78;0.495;0.465;F-C;smithja02
160;Marcus Morris;9.7;2013-14;24;PHO;82;1;0;1800;288;651;189;391;99;260;121;159;84;235;319;88;72;18;95;157;796;0.442;0.483;0.381;0.761;0.552;0.518;F;morrima03
161;Raymond Felton;9.7;2013-14;29;NYK;65;65;0;2017;240;608;178;413;62;195;88;122;54;143;197;365;78;27;129;157;630;0.395;0.431;0.318;0.721;0.476;0.446;G;feltora01
162;Jordan Hill;9.7;2013-14;26;LAL;72;32;0;1500;286;521;286;520;0;1;124;181;194;341;535;54;29;64;75;172;696;0.549;0.55;0;0.685;0.579;0.549;C-F;hilljo01
163;Courtney Lee;9.6;2013-14;28;BOSMEM;79;47;0;1973;295;614;223;420;72;194;99;112;29;158;187;115;65;28;73;127;761;0.48;0.531;0.371;0.884;0.574;0.539;G;leeco01
164;Ray Allen;9.6;2013-14;38;MIA;73;9;0;1936;240;543;124;234;116;309;105;116;23;182;205;143;54;8;84;115;701;0.442;0.53;0.375;0.905;0.59;0.549;G;allenra02
165;Greivis Vásquez;9.6;2013-14;27;SACTOR;79;23;0;1779;277;658;168;369;109;289;95;108;20;153;173;323;31;5;128;143;758;0.421;0.455;0.377;0.88;0.537;0.504;G;vasqugr01
166;Mike Scott;9.6;2013-14;25;ATL;80;6;0;1482;301;628;239;428;62;200;103;132;62;222;284;75;30;7;79;121;767;0.479;0.558;0.31;0.78;0.559;0.529;F;scottmi01
167;Kyle Singler;9.6;2013-14;25;DET;82;36;0;2337;269;602;175;356;94;246;152;184;116;187;303;75;61;38;79;211;784;0.447;0.492;0.382;0.826;0.574;0.525;F;singlky01
168;Ricky Rubio;9.5;2013-14;23;MIN;82;82;0;2638;255;670;211;537;44;133;227;283;61;281;342;704;191;11;221;218;781;0.381;0.393;0.331;0.802;0.491;0.413;G;rubiori01
169;Jarrett Jack;9.5;2013-14;30;CLE;80;31;0;2252;286;698;223;513;63;185;125;149;22;201;223;324;56;22;133;133;760;0.41;0.435;0.341;0.839;0.498;0.455;G;jackja01
170;Harrison Barnes;9.5;2013-14;21;GSW;78;24;0;2204;271;679;205;489;66;190;130;181;66;245;311;116;65;20;84;158;738;0.399;0.419;0.347;0.718;0.486;0.448;F;barneha02
171;Glen Davis;9.4;2013-14;28;LACORL;68;44;0;1662;271;593;267;582;4;11;95;137;108;243;351;77;58;29;76;159;641;0.457;0.459;0.364;0.693;0.491;0.46;F-C;davisgl01
172;Brian Roberts;9.4;2013-14;28;NOP;72;42;0;1667;244;581;180;403;64;178;125;133;17;119;136;234;43;7;95;132;677;0.42;0.447;0.36;0.94;0.529;0.475;G;roberbr01
173;Timofey Mozgov;9.4;2013-14;27;DEN;82;30;0;1770;285;545;281;521;4;24;196;260;171;357;528;62;27;100;122;213;770;0.523;0.539;0.167;0.754;0.584;0.527;C;mozgoti01
174;P.J. Tucker;9.4;2013-14;28;PHO;81;81;0;2490;265;615;191;424;74;191;156;201;161;368;529;141;110;23;102;204;760;0.431;0.45;0.387;0.776;0.54;0.491;F;tuckepj01
175;Andre Iguodala;9.3;2013-14;30;GSW;63;63;0;2040;220;458;158;283;62;175;86;132;53;240;293;263;95;18;100;103;588;0.48;0.558;0.354;0.652;0.57;0.548;F-G;iguodan01
176;Jerryd Bayless;9.3;2013-14;25;BOSMEM;72;19;0;1686;248;617;172;405;76;212;94;118;22;123;145;194;60;9;82;161;666;0.402;0.425;0.358;0.797;0.498;0.464;G;bayleje01
177;Marvin Williams;9.1;2013-14;27;UTA;66;50;0;1674;231;526;147;292;84;234;57;73;82;252;334;78;54;31;53;151;603;0.439;0.503;0.359;0.781;0.54;0.519;F;willima02
178;Kirk Hinrich;9.1;2013-14;33;CHI;73;61;0;2116;243;619;158;377;85;242;95;125;31;161;192;286;80;26;120;203;666;0.393;0.419;0.351;0.76;0.494;0.461;G;hinriki01
179;Danny Green;9.1;2013-14;26;SAS;68;59;0;1651;218;505;86;187;132;318;50;63;25;204;229;104;65;61;76;107;618;0.432;0.46;0.415;0.794;0.58;0.562;G-F;greenda02
180;Boris Diaw;9.1;2013-14;31;SAS;79;24;0;1974;302;580;257;468;45;112;68;92;74;252;326;222;44;32;121;140;717;0.521;0.549;0.402;0.739;0.578;0.559;F-C;diawbo01
181;Brandan Wright;9.1;2013-14;26;DAL;58;0;0;1077;224;331;224;331;0;0;77;106;102;142;244;31;32;55;35;94;525;0.677;0.677;;0.726;0.695;0.677;F-C;wrighbr03
182;Wesley Johnson;9.1;2013-14;26;LAL;79;62;0;2240;277;651;177;380;100;271;61;77;70;278;348;124;86;77;90;207;715;0.425;0.466;0.369;0.792;0.522;0.502;F-G;johnswe01
183;Tony Allen;9;2013-14;32;MEM;55;28;0;1278;204;413;193;366;11;47;76;121;79;129;208;94;90;19;90;121;495;0.494;0.527;0.234;0.628;0.531;0.507;G-F;allento01
184;Aaron Brooks;9;2013-14;29;DENHOU;72;12;0;1557;233;581;137;333;96;248;83;95;43;97;140;233;52;13;117;146;645;0.401;0.411;0.387;0.874;0.518;0.484;G;brookaa01
185;Ben McLemore;8.8;2013-14;20;SAC;82;55;0;2187;255;679;160;382;95;297;115;143;53;182;235;82;45;18;96;201;720;0.376;0.419;0.32;0.804;0.485;0.446;G;mclembe01
186;Tyson Chandler;8.7;2013-14;31;NYK;55;55;0;1662;191;322;191;321;0;1;98;155;159;370;529;59;36;63;71;145;480;0.593;0.595;0;0.632;0.615;0.593;C;chandty01
187;Kelly Olynyk;8.7;2013-14;22;BOS;70;9;0;1400;234;502;194;388;40;114;99;122;140;225;365;109;35;27;106;227;607;0.466;0.5;0.351;0.811;0.546;0.506;C-F;olynyke01
188;Will Bynum;8.7;2013-14;31;DET;56;3;0;1054;184;430;164;368;20;62;97;121;24;75;99;216;39;7;103;121;485;0.428;0.446;0.323;0.802;0.502;0.451;G;bynumwi01
189;Andrew Bynum;8.7;2013-14;26;CLEIND;26;19;0;516;94;225;94;225;0;0;37;49;53;92;145;29;6;29;34;31;225;0.418;0.418;;0.755;0.456;0.418;C;bynuman01
190;Mirza Teletović;8.6;2013-14;28;BRK;72;7;0;1396;221;529;85;180;136;349;44;62;60;206;266;57;29;23;54;143;622;0.418;0.472;0.39;0.71;0.559;0.546;F;teletmi01
191;Patrick Patterson;8.5;2013-14;24;SACTOR;65;13;0;1533;225;489;170;338;55;151;50;71;117;225;342;78;55;37;65;159;555;0.46;0.503;0.364;0.704;0.533;0.516;F;pattepa01
192;Jeremy Lamb;8.5;2013-14;21;OKC;78;0;0;1538;263;609;175;362;88;247;51;64;27;162;189;115;56;26;61;143;665;0.432;0.483;0.356;0.797;0.522;0.504;G-F;lambje01
193;Josh McRoberts;8.5;2013-14;26;CHA;78;78;0;2360;247;566;142;275;105;291;62;85;85;288;373;333;58;46;83;189;661;0.436;0.516;0.361;0.729;0.548;0.529;F-C;mcrobjo01
194;Troy Daniels;8.4;2013-14;22;HOU;5;1;0;75;15;31;3;6;12;25;0;0;0;4;4;5;0;0;3;6;42;0.484;0.5;0.48;;0.677;0.677;G;danietr01
195;Anderson Varejão;8.4;2013-14;31;CLE;65;29;0;1800;227;459;227;452;0;7;92;135;187;442;629;140;69;39;72;164;546;0.495;0.502;0;0.681;0.527;0.495;F-C;varejan01
196;Evan Fournier;8.4;2013-14;21;DEN;76;4;0;1503;228;544;139;307;89;237;93;123;34;168;202;112;34;7;100;179;638;0.419;0.453;0.376;0.756;0.533;0.501;G-F;fournev01
197;Kris Humphries;8.4;2013-14;28;BOS;69;30;0;1376;231;461;231;459;0;2;117;144;127;282;409;67;31;61;64;136;579;0.501;0.503;0;0.813;0.552;0.501;F-C;humphkr01
198;Anthony Morrow;8.4;2013-14;28;NOP;76;9;0;1426;238;520;150;325;88;195;72;87;29;111;140;59;38;12;51;102;636;0.458;0.462;0.451;0.828;0.57;0.542;G;morroan01
199;J.J. Barea;8.4;2013-14;29;MIN;79;1;0;1471;254;656;181;425;73;231;79;100;16;138;154;303;26;0;125;129;660;0.387;0.426;0.316;0.79;0.471;0.443;G;bareajo01
200;Drew Gooden;8.3;2013-14;32;WAS;22;0;0;395;76;143;69;126;7;17;24;27;37;77;114;15;10;7;17;53;183;0.531;0.548;0.412;0.889;0.591;0.556;F;goodedr01
